Id,Expected
0,0
1,0
2,0
3,0
4,1
5,1
6,1
7,1
8,1
9,1
10,0
11,1
12,0
13,1
14,1
15,1
16,1
17,1
18,1
19,1
20,1
21,0
22,1
23,0
24,1
25,1
26,0
27,0
28,0
29,0
30,1
31,1
32,0
33,0
34,0
35,1
36,1
37,1
38,1
39,0
40,0
41,0
42,1
43,0
44,1
45,1
46,1
47,0
48,1
49,1
50,1
51,1
52,0
53,1
54,0
55,1
56,1
57,1
58,1
59,0
60,0
61,0
62,0
63,0
64,1
65,1
66,1
67,1
68,0
69,0
70,1
71,1
72,0
73,0
74,1
75,1
76,1
77,1
78,0
79,0
80,1
81,0
82,1
83,1
84,1
85,1
86,0
87,1
88,1
89,1
90,0
91,1
92,0
93,0
94,1
95,1
96,1
97,1
98,0
99,0
100,1
101,0
102,1
103,1
104,0
105,1
106,1
107,1
108,1
109,1
110,0
111,1
112,0
113,1
114,0
115,0
116,1
117,1
118,1
119,1
120,0
121,0
122,1
123,1
124,0
125,0
126,0
127,1
128,0
129,1
130,0
131,1
132,0
133,1
134,0
135,1
136,0
137,1
138,0
139,1
140,0
141,0
142,0
143,0
144,0
145,0
146,0
147,0
148,0
149,0
150,1
151,1
152,0
153,0
154,0
155,0
156,1
157,0
158,1
159,0
160,0
161,0
162,1
163,1
164,1
165,1
166,0
167,1
168,0
169,0
170,1
171,1
172,0
173,1
174,0
175,0
176,0
177,0
178,0
179,0
180,1
181,1
182,0
183,0
184,1
185,0
186,1
187,0
188,1
189,1
190,1
191,0
192,0
193,1
194,0
195,0
196,0
197,1
198,1
199,0
200,1
201,1
202,0
203,1
204,0
205,1
206,1
207,1
208,1
209,1
210,1
211,1
212,1
213,1
214,0
215,1
216,0
217,1
218,1
219,0
220,0
221,0
222,1
223,1
224,0
225,1
226,0
227,1
228,0
229,0
230,1
231,1
232,0
233,1
234,1
235,1
236,1
237,1
238,0
239,0
240,0
241,1
242,1
243,1
244,0
245,1
246,0
247,1
248,1
249,0
250,0
251,0
252,1
253,1
254,1
255,0
256,0
257,1
258,1
259,1
260,0
261,1
262,1
263,1
264,0
265,1
266,1
267,0
268,1
269,1
270,0
271,1
272,0
273,1
274,1
275,0
276,0
277,0
278,0
279,0
280,1
281,0
282,1
283,0
284,0
285,1
286,1
287,0
288,1
289,1
290,0
291,1
292,0
293,0
294,0
295,1
296,1
297,0
298,0
299,1
300,0
301,0
302,1
303,0
304,0
305,1
306,1
307,1
308,1
309,1
310,1
311,0
312,0
313,1
314,1
315,0
316,1
317,0
318,1
319,1
320,0
321,0
322,0
323,1
324,1
325,1
326,1
327,0
328,0
329,1
330,1
331,0
332,0
333,0
334,0
335,0
336,0
337,1
338,1
339,0
340,0
341,1
342,1
343,1
344,0
345,0
346,1
347,0
348,1
349,0
350,0
351,0
352,0
353,1
354,1
355,0
356,1
357,1
358,0
359,0
360,1
361,0
362,1
363,1
364,0
365,1
366,1
367,1
368,0
369,1
370,1
371,0
372,0
373,0
374,0
375,0
376,1
377,0
378,1
379,1
380,0
381,1
382,1
383,1
384,1
385,0
386,0
387,1
388,0
389,1
390,1
391,0
392,1
393,0
394,0
395,1
396,0
397,1
398,1
399,0
400,0
401,1
402,0
403,0
404,1
405,0
406,0
407,0
408,1
409,1
410,0
411,0
412,0
413,1
414,0
415,0
416,1
417,0
418,1
419,1
420,1
421,1
422,1
423,1
424,1
425,0
426,1
427,0
428,0
429,1
430,0
431,1
432,1
433,1
434,1
435,1
436,0
437,0
438,0
439,1
440,1
441,0
442,1
443,0
444,1
445,0
446,1
447,1
448,1
449,1
450,1
451,0
452,1
453,0
454,0
455,0
456,1
457,1
458,1
459,0
460,0
461,0
462,1
463,0
464,1
465,1
466,1
467,1
468,0
469,1
470,0
471,1
472,0
473,1
474,1
475,0
476,0
477,1
478,0
479,1
480,0
481,0
482,0
483,1
484,0
485,1
486,1
487,1
488,0
489,1
490,0
491,0
492,0
493,0
494,0
495,0
496,0
497,1
498,1
499,0
500,1
501,0
502,0
503,0
504,1
505,0
506,0
507,0
508,1
509,0
510,0
511,1
512,0
513,0
514,0
515,1
516,1
517,0
518,0
519,1
520,0
521,1
522,1
523,0
524,0
525,1
526,1
527,0
528,0
529,0
530,0
531,1
532,0
533,0
534,1
535,0
536,1
537,0
538,1
539,0
540,0
541,1
542,1
543,1
544,0
545,1
546,0
547,1
548,1
549,1
550,0
551,0
552,1
553,1
554,0
555,1
556,1
557,1
558,1
559,1
560,1
561,1
562,0
563,0
564,1
565,1
566,1
567,1
568,1
569,0
570,0
571,1
572,1
573,0
574,0
575,1
576,0
577,1
578,0
579,1
580,1
581,0
582,0
583,1
584,0
585,1
586,1
587,1
588,1
589,0
590,0
591,0
592,1
593,1
594,1
595,0
596,1
597,1
598,1
599,0
600,1
601,0
602,1
603,1
604,1
605,1
606,1
607,1
608,0
609,0
610,0
611,1
612,0
613,1
614,0
615,0
616,1
617,1
618,1
619,1
620,1
621,0
622,0
623,1
624,1
625,0
626,0
627,1
628,1
629,1
630,1
631,1
632,1
633,1
634,1
635,1
636,0
637,1
638,0
639,1
640,1
641,1
642,1
643,0
644,0
645,0
646,1
647,1
648,0
649,0
650,0
651,0
652,1
653,1
654,1
655,1
656,1
657,0
658,0
659,0
660,1
661,1
662,0
663,0
664,0
665,1
666,0
667,0
668,0
669,1
670,0
671,1
672,1
673,1
674,1
675,0
676,1
677,0
678,1
679,1
680,0
681,0
682,1
683,1
684,0
685,0
686,1
687,0
688,1
689,1
690,1
691,1
692,1
693,0
694,1
695,1
696,0
697,1
698,1
699,1
700,0
701,0
702,0
703,1
704,0
705,0
706,1
707,0
708,1
709,0
710,0
711,0
712,0
713,1
714,0
715,1
716,1
717,1
718,0
719,1
720,0
721,1
722,0
723,1
724,1
725,1
726,0
727,0
728,0
729,1
730,0
731,0
732,0
733,1
734,0
735,0
736,1
737,0
738,0
739,0
740,1
741,1
742,1
743,0
744,1
745,1
746,0
747,1
748,1
749,1
750,1
751,1
752,1
753,0
754,0
755,0
756,1
757,0
758,1
759,0
760,1
761,0
762,0
763,1
764,1
765,1
766,0
767,0
768,1
769,1
770,0
771,1
772,1
773,1
774,1
775,1
776,0
777,1
778,0
779,1
780,0
781,1
782,0
783,0
784,0
785,1
786,0
787,1
788,1
789,1
790,0
791,1
792,0
793,0
794,0
795,0
796,0
797,0
798,1
799,0
800,1
801,0
802,1
803,0
804,1
805,1
806,1
807,0
808,1
809,1
810,1
811,1
812,0
813,0
814,0
815,1
816,0
817,0
818,0
819,0
820,0
821,0
822,0
823,1
824,1
825,0
826,0
827,0
828,1
829,0
830,1
831,1
832,0
833,0
834,1
835,0
836,0
837,0
838,0
839,1
840,0
841,0
842,0
843,0
844,1
845,0
846,0
847,1
848,1
849,0
850,0
851,1
852,1
853,0
854,0
855,1
856,0
857,1
858,0
859,1
860,0
861,0
862,0
863,1
864,0
865,0
866,0
867,1
868,1
869,1
870,0
871,0
872,0
873,1
874,0
875,0
876,0
877,0
878,0
879,0
880,0
881,1
882,1
883,0
884,0
885,1
886,1
887,1
888,0
889,0
890,0
891,0
892,1
893,1
894,0
895,1
896,1
897,0
898,0
899,1
900,0
901,1
902,0
903,0
904,0
905,0
906,0
907,0
908,1
909,1
910,1
911,1
912,0
913,1
914,0
915,0
916,0
917,0
918,1
919,1
920,1
921,1
922,0
923,0
924,0
925,1
926,1
927,0
928,1
929,1
930,1
931,0
932,1
933,1
934,0
935,0
936,1
937,0
938,0
939,1
940,0
941,1
942,0
943,1
944,0
945,1
946,1
947,1
948,0
949,1
950,0
951,0
952,1
953,1
954,1
955,0
956,0
957,0
958,1
959,0
960,0
961,1
962,1
963,1
964,1
965,0
966,0
967,0
968,0
969,0
970,1
971,0
972,0
973,1
974,0
975,0
976,0
977,1
978,0
979,1
980,1
981,0
982,0
983,0
984,0
985,0
986,0
987,1
988,0
989,1
990,0
991,1
992,0
993,0
994,0
995,1
996,0
997,0
998,1
999,0
1000,1
1001,0
1002,0
1003,0
1004,1
1005,0
1006,0
1007,0
1008,0
1009,0
1010,0
1011,1
1012,0
1013,1
1014,0
1015,1
1016,1
1017,0
1018,0
1019,1
1020,1
1021,0
1022,0
1023,1
1024,0
1025,0
1026,0
1027,1
1028,0
1029,1
1030,0
1031,1
1032,1
1033,0
1034,1
1035,1
1036,0
1037,1
1038,0
1039,1
1040,0
1041,1
1042,1
1043,1
1044,1
1045,1
1046,0
1047,1
1048,1
1049,1
1050,1
1051,1
1052,1
1053,1
1054,1
1055,1
1056,1
1057,1
1058,1
1059,0
1060,0
1061,0
1062,0
1063,1
1064,0
1065,1
1066,0
1067,1
1068,1
1069,0
1070,1
1071,0
1072,1
1073,1
1074,0
1075,1
1076,1
1077,1
1078,0
1079,1
1080,1
1081,1
1082,0
1083,1
1084,0
1085,1
1086,1
1087,1
1088,1
1089,1
1090,0
1091,1
1092,1
1093,1
1094,1
1095,0
1096,0
1097,0
1098,1
1099,0
1100,0
1101,1
1102,0
1103,1
1104,1
1105,0
1106,1
1107,0
1108,0
1109,0
1110,0
1111,1
1112,1
1113,0
1114,1
1115,0
1116,1
1117,1
1118,1
1119,0
1120,1
1121,1
1122,0
1123,0
1124,1
1125,1
1126,0
1127,1
1128,0
1129,0
1130,1
1131,1
1132,1
1133,1
1134,1
1135,0
1136,0
1137,0
1138,0
1139,1
1140,1
1141,1
1142,0
1143,0
1144,1
1145,1
1146,1
1147,1
1148,0
1149,0
1150,1
1151,0
1152,0
1153,1
1154,0
1155,1
1156,0
1157,0
1158,0
1159,1
1160,1
1161,1
1162,0
1163,0
1164,1
1165,1
1166,1
1167,0
1168,1
1169,1
1170,1
1171,1
1172,1
1173,1
1174,1
1175,0
1176,0
1177,0
1178,0
1179,1
1180,1
1181,1
1182,0
1183,0
1184,1
1185,0
1186,0
1187,1
1188,1
1189,0
1190,1
1191,0
1192,1
1193,1
1194,0
1195,1
1196,0
1197,1
1198,0
1199,1
1200,1
1201,0
1202,0
1203,0
1204,0
1205,0
1206,1
1207,1
1208,0
1209,0
1210,1
1211,1
1212,0
1213,0
1214,1
1215,0
1216,0
1217,0
1218,0
1219,0
1220,0
1221,0
1222,1
1223,0
1224,1
1225,0
1226,0
1227,0
1228,0
1229,0
1230,0
1231,0
1232,1
1233,0
1234,0
1235,1
1236,0
1237,1
1238,1
1239,0
1240,1
1241,1
1242,0
1243,1
1244,1
1245,0
1246,0
1247,1
1248,0
1249,1
1250,0
1251,1
1252,0
1253,0
1254,1
1255,0
1256,0
1257,0
1258,0
1259,1
1260,0
1261,1
1262,0
1263,0
1264,0
1265,1
1266,0
1267,1
1268,0
1269,0
1270,1
1271,1
1272,1
1273,0
1274,1
1275,0
1276,0
1277,1
1278,1
1279,0
1280,1
1281,1
1282,0
1283,0
1284,0
1285,0
1286,1
1287,0
1288,1
1289,0
1290,0
1291,1
1292,1
1293,0
1294,0
1295,0
1296,0
1297,0
1298,0
1299,0
1300,1
1301,1
1302,1
1303,0
1304,0
1305,1
1306,1
1307,1
1308,0
1309,1
1310,1
1311,1
1312,0
1313,1
1314,1
1315,0
1316,0
1317,0
1318,1
1319,1
1320,0
1321,0
1322,0
1323,0
1324,0
1325,1
1326,1
1327,0
1328,1
1329,1
1330,1
1331,0
1332,0
1333,1
1334,0
1335,0
1336,0
1337,0
1338,0
1339,1
1340,1
1341,0
1342,0
1343,0
1344,1
1345,0
1346,1
1347,1
1348,0
1349,0
1350,0
1351,1
1352,1
1353,0
1354,0
1355,1
1356,1
1357,1
1358,0
1359,0
1360,1
1361,0
1362,1
1363,1
1364,0
1365,1
1366,0
1367,0
1368,1
1369,1
1370,0
1371,0
1372,1
1373,0
1374,1
1375,1
1376,1
1377,0
1378,0
1379,0
1380,0
1381,0
1382,1
1383,0
1384,0
1385,1
1386,1
1387,0
1388,1
1389,0
1390,0
1391,0
1392,1
1393,0
1394,1
1395,1
1396,1
1397,1
1398,0
1399,0
1400,1
1401,1
1402,0
1403,1
1404,0
1405,1
1406,1
1407,0
1408,0
1409,1
1410,0
1411,1
1412,1
1413,0
1414,1
1415,0
1416,0
1417,0
1418,1
1419,1
1420,1
1421,1
1422,0
1423,1
1424,1
1425,1
1426,1
1427,0
1428,1
1429,1
1430,1
1431,0
1432,0
1433,0
1434,0
1435,0
1436,0
1437,1
1438,0
1439,0
1440,1
1441,1
1442,0
1443,1
1444,0
1445,0
1446,0
1447,0
1448,1
1449,0
1450,1
1451,1
1452,1
1453,1
1454,0
1455,1
1456,0
1457,1
1458,0
1459,0
1460,0
1461,1
1462,0
1463,0
1464,1
1465,1
1466,1
1467,1
1468,1
1469,1
1470,0
1471,1
1472,0
1473,1
1474,0
1475,1
1476,1
1477,1
1478,0
1479,0
1480,1
1481,0
1482,1
1483,0
1484,1
1485,0
1486,0
1487,0
1488,0
1489,0
1490,1
1491,1
1492,1
1493,1
1494,1
1495,0
1496,1
1497,0
1498,0
1499,1
1500,1
1501,0
1502,0
1503,1
1504,0
1505,1
1506,0
1507,1
1508,1
1509,0
1510,0
1511,1
1512,1
1513,1
1514,1
1515,1
1516,0
1517,0
1518,1
1519,1
1520,0
1521,0
1522,0
1523,1
1524,0
1525,1
1526,0
1527,1
1528,1
1529,1
1530,0
1531,0
1532,1
1533,0
1534,0
1535,1
1536,0
1537,0
1538,1
1539,1
1540,0
1541,0
1542,0
1543,1
1544,1
1545,0
1546,0
1547,0
1548,1
1549,1
1550,1
1551,0
1552,0
1553,1
1554,0
1555,1
1556,1
1557,1
1558,0
1559,1
1560,0
1561,0
1562,0
1563,1
1564,1
1565,1
1566,0
1567,0
1568,1
1569,0
1570,0
1571,0
1572,1
1573,0
1574,1
1575,0
1576,1
1577,0
1578,1
1579,1
1580,1
1581,0
1582,0
1583,0
1584,0
1585,1
1586,0
1587,0
1588,1
1589,0
1590,0
1591,1
1592,1
1593,1
1594,0
1595,1
1596,1
1597,1
1598,1
1599,0
1600,0
1601,0
1602,0
1603,0
1604,0
1605,0
1606,0
1607,1
1608,0
1609,0
1610,1
1611,0
1612,1
1613,0
1614,1
1615,0
1616,0
1617,0
1618,1
1619,1
1620,1
1621,1
1622,0
1623,0
1624,0
1625,0
1626,1
1627,0
1628,1
1629,1
1630,1
1631,1
1632,1
1633,1
1634,0
1635,0
1636,0
1637,1
1638,1
1639,0
1640,1
1641,1
1642,0
1643,1
1644,0
1645,0
1646,0
1647,1
1648,1
1649,1
1650,0
1651,1
1652,1
1653,0
1654,0
1655,0
1656,1
1657,1
1658,0
1659,0
1660,1
1661,1
1662,0
1663,1
1664,1
1665,0
1666,1
1667,1
1668,0
1669,1
1670,1
1671,1
1672,0
1673,1
1674,1
1675,1
1676,1
1677,1
1678,1
1679,1
1680,1
1681,0
1682,0
1683,1
1684,0
1685,1
1686,1
1687,0
1688,1
1689,1
1690,0
1691,0
1692,1
1693,1
1694,0
1695,1
1696,0
1697,0
1698,1
1699,1
1700,1
1701,1
1702,0
1703,1
1704,1
1705,0
1706,0
1707,0
1708,0
1709,0
1710,1
1711,1
1712,0
1713,0
1714,0
1715,0
1716,1
1717,0
1718,0
1719,1
1720,1
1721,1
1722,0
1723,0
1724,0
1725,0
1726,1
1727,1
1728,0
1729,0
1730,1
1731,1
1732,1
1733,1
1734,0
1735,1
1736,1
1737,0
1738,1
1739,1
1740,1
1741,1
1742,0
1743,0
1744,1
1745,0
1746,1
1747,0
1748,1
1749,0
1750,0
1751,0
1752,1
1753,1
1754,0
1755,0
1756,1
1757,0
1758,0
1759,0
1760,0
1761,0
1762,1
1763,1
1764,0
1765,0
1766,0
1767,1
1768,1
1769,0
1770,0
1771,1
1772,1
1773,0
1774,1
1775,0
1776,0
1777,0
1778,1
1779,1
1780,0
1781,0
1782,0
1783,0
1784,1
1785,1
1786,0
1787,0
1788,1
1789,1
1790,0
1791,1
1792,0
1793,1
1794,0
1795,0
1796,1
1797,1
1798,1
1799,0
1800,0
1801,0
1802,0
1803,1
1804,1
1805,0
1806,1
1807,1
1808,1
1809,1
1810,1
1811,0
1812,0
1813,0
1814,0
1815,0
1816,1
1817,1
1818,0
1819,1
1820,1
1821,0
1822,1
1823,1
1824,1
1825,0
1826,0
1827,0
1828,0
1829,0
1830,1
1831,1
1832,1
1833,1
1834,0
1835,1
1836,0
1837,0
1838,1
1839,1
1840,0
1841,0
1842,0
1843,0
1844,0
1845,1
1846,1
1847,1
1848,0
1849,1
1850,0
1851,1
1852,0
1853,1
1854,1
1855,1
1856,1
1857,1
1858,0
1859,1
1860,0
1861,0
1862,1
1863,1
1864,0
1865,0
1866,1
1867,1
1868,1
1869,1
1870,0
1871,1
1872,0
1873,1
1874,0
1875,0
1876,0
1877,0
1878,1
1879,0
1880,1
1881,1
1882,0
1883,1
1884,0
1885,0
1886,0
1887,1
1888,0
1889,1
1890,0
1891,0
1892,1
1893,0
1894,0
1895,0
1896,1
1897,1
1898,0
1899,0
1900,1
1901,0
1902,0
1903,1
1904,0
1905,0
1906,0
1907,1
1908,0
1909,0
1910,0
1911,1
1912,1
1913,0
1914,1
1915,0
1916,1
1917,0
1918,0
1919,0
1920,1
1921,1
1922,0
1923,0
1924,1
1925,1
1926,1
1927,0
1928,0
1929,1
1930,0
1931,1
1932,0
1933,0
1934,0
1935,0
1936,1
1937,1
1938,0
1939,1
1940,1
1941,0
1942,0
1943,0
1944,1
1945,1
1946,1
1947,0
1948,1
1949,1
1950,1
1951,1
1952,1
1953,0
1954,1
1955,0
1956,0
1957,0
1958,1
1959,1
1960,0
1961,0
1962,1
1963,0
1964,1
1965,1
1966,0
1967,0
1968,1
1969,0
1970,1
1971,1
1972,1
1973,1
1974,0
1975,0
1976,0
1977,0
1978,1
1979,1
1980,1
1981,0
1982,0
1983,0
1984,1
1985,0
1986,0
1987,1
1988,1
1989,1
1990,0
1991,0
1992,1
1993,1
1994,0
1995,0
1996,1
1997,0
1998,0
1999,1
2000,0
2001,1
2002,0
2003,0
2004,1
2005,1
2006,1
2007,0
2008,1
2009,0
2010,0
2011,0
2012,0
2013,1
2014,1
2015,1
2016,1
2017,0
2018,1
2019,1
2020,0
2021,1
2022,0
2023,0
2024,1
2025,1
2026,0
2027,0
2028,0
2029,1
2030,1
2031,1
2032,0
2033,0
2034,1
2035,1
2036,0
2037,1
2038,1
2039,1
2040,1
2041,1
2042,0
2043,1
2044,0
2045,1
2046,0
2047,0
2048,1
2049,1
2050,0
2051,0
2052,1
2053,1
2054,1
2055,0
2056,0
2057,1
2058,1
2059,0
2060,1
2061,1
2062,1
2063,1
2064,0
2065,1
2066,0
2067,0
2068,1
2069,1
2070,1
2071,1
2072,1
2073,1
2074,0
2075,1
2076,0
2077,1
2078,0
2079,1
2080,1
2081,1
2082,0
2083,0
2084,1
2085,0
2086,0
2087,1
2088,1
2089,1
2090,1
2091,0
2092,1
2093,1
2094,1
2095,1
2096,1
2097,0
2098,1
2099,0
2100,1
2101,1
2102,0
2103,1
2104,1
2105,1
2106,0
2107,1
2108,0
2109,1
2110,1
2111,0
2112,1
2113,1
2114,1
2115,0
2116,0
2117,0
2118,0
2119,1
2120,1
2121,1
2122,1
2123,1
2124,1
2125,1
2126,1
2127,1
2128,0
2129,0
2130,0
2131,1
2132,0
2133,1
2134,1
2135,0
2136,0
2137,0
2138,0
2139,1
2140,1
2141,1
2142,0
2143,1
2144,1
2145,1
2146,0
2147,1
2148,0
2149,1
2150,0
2151,0
2152,0
2153,1
2154,1
2155,0
2156,0
2157,0
2158,0
2159,1
2160,0
2161,1
2162,0
2163,1
2164,1
2165,1
2166,1
2167,0
2168,1
2169,1
2170,1
2171,1
2172,1
2173,0
2174,1
2175,1
2176,1
2177,0
2178,1
2179,0
2180,1
2181,0
2182,0
2183,0
2184,1
2185,0
2186,0
2187,0
2188,0
2189,1
2190,1
2191,0
2192,1
2193,0
2194,0
2195,0
2196,1
2197,0
2198,0
2199,1
2200,0
2201,0
2202,1
2203,0
2204,1
2205,0
2206,1
2207,0
2208,0
2209,1
2210,1
2211,0
2212,0
2213,1
2214,1
2215,1
2216,0
2217,0
2218,1
2219,0
2220,0
2221,0
2222,0
2223,0
2224,0
2225,0
2226,0
2227,0
2228,0
2229,1
2230,1
2231,1
2232,0
2233,1
2234,1
2235,0
2236,0
2237,1
2238,1
2239,0
2240,1
2241,0
2242,1
2243,0
2244,0
2245,0
2246,1
2247,0
2248,1
2249,1
2250,1
2251,1
2252,0
2253,0
2254,0
2255,0
2256,0
2257,1
2258,1
2259,1
2260,0
2261,0
2262,0
2263,0
2264,1
2265,0
2266,0
2267,1
2268,0
2269,0
2270,1
2271,0
2272,0
2273,1
2274,1
2275,1
2276,0
2277,1
2278,0
2279,1
2280,0
2281,0
2282,1
2283,1
2284,0
2285,0
2286,1
2287,0
2288,1
2289,1
2290,0
2291,0
2292,1
2293,0
2294,1
2295,1
2296,0
2297,0
2298,0
2299,1
2300,0
2301,1
2302,0
2303,0
2304,1
2305,0
2306,1
2307,1
2308,1
2309,0
2310,1
2311,1
2312,1
2313,0
2314,0
2315,0
2316,0
2317,0
2318,1
2319,0
2320,0
2321,0
2322,1
2323,1
2324,1
2325,1
2326,0
2327,1
2328,0
2329,0
2330,1
2331,1
2332,1
2333,1
2334,1
2335,1
2336,1
2337,1
2338,1
2339,1
2340,1
2341,0
2342,1
2343,0
2344,0
2345,0
2346,1
2347,1
2348,1
2349,1
2350,0
2351,0
2352,1
2353,1
2354,1
2355,1
2356,0
2357,1
2358,1
2359,1
2360,1
2361,0
2362,1
2363,0
2364,0
2365,0
2366,1
2367,0
2368,1
2369,1
2370,0
2371,1
2372,1
2373,0
2374,1
2375,1
2376,1
2377,0
2378,0
2379,0
2380,0
2381,1
2382,0
2383,0
2384,0
2385,1
2386,0
2387,0
2388,1
2389,0
2390,0
2391,0
2392,1
2393,0
2394,0
2395,1
2396,0
2397,1
2398,0
2399,1
2400,0
2401,0
2402,0
2403,1
2404,1
2405,1
2406,1
2407,1
2408,0
2409,1
2410,1
2411,1
2412,1
2413,1
2414,1
2415,0
2416,0
2417,1
2418,1
2419,1
2420,1
2421,1
2422,0
2423,1
2424,0
2425,0
2426,0
2427,1
2428,1
2429,0
2430,0
2431,1
2432,1
2433,0
2434,0
2435,0
2436,0
2437,1
2438,0
2439,0
2440,1
2441,0
2442,1
2443,0
2444,0
2445,0
2446,1
2447,1
2448,1
2449,0
2450,0
2451,0
2452,1
2453,1
2454,0
2455,0
2456,0
2457,0
2458,0
2459,0
2460,0
2461,0
2462,1
2463,1
2464,1
2465,0
2466,0
2467,0
2468,0
2469,0
2470,0
2471,0
2472,1
2473,1
2474,1
2475,0
2476,0
2477,0
2478,1
2479,0
2480,1
2481,0
2482,0
2483,1
2484,1
2485,0
2486,1
2487,0
2488,0
2489,0
2490,0
2491,0
2492,0
2493,0
2494,1
2495,0
2496,0
2497,0
2498,0
2499,0
2500,1
2501,1
2502,0
2503,0
2504,0
2505,0
2506,0
2507,0
2508,0
2509,1
2510,1
2511,1
2512,1
2513,1
2514,0
2515,1
2516,0
2517,0
2518,0
2519,1
2520,1
2521,1
2522,1
2523,1
2524,0
2525,0
2526,1
2527,0
2528,0
2529,1
2530,0
2531,1
2532,1
2533,1
2534,0
2535,0
2536,0
2537,0
2538,1
2539,0
2540,1
2541,1
2542,1
2543,1
2544,1
2545,0
2546,1
2547,1
2548,1
2549,1
2550,1
2551,1
2552,1
2553,0
2554,0
2555,1
2556,1
2557,0
2558,0
2559,1
2560,0
2561,0
2562,1
2563,1
2564,0
2565,0
2566,0
2567,0
2568,0
2569,0
2570,1
2571,0
2572,1
2573,1
2574,0
2575,1
2576,1
2577,1
2578,0
2579,0
2580,0
2581,0
2582,1
2583,0
2584,0
2585,0
2586,1
2587,0
2588,0
2589,0
2590,1
2591,1
2592,0
2593,0
2594,1
2595,0
2596,0
2597,1
2598,1
2599,1
2600,0
2601,1
2602,0
2603,0
2604,1
2605,1
2606,1
2607,0
2608,0
2609,0
2610,0
2611,0
2612,1
2613,1
2614,0
2615,1
2616,1
2617,0
2618,1
2619,1
2620,1
2621,0
2622,0
2623,1
2624,0
2625,0
2626,1
2627,0
2628,1
2629,0
2630,0
2631,0
2632,0
2633,1
2634,1
2635,1
2636,1
2637,1
2638,1
2639,1
2640,0
2641,0
2642,0
2643,1
2644,1
2645,0
2646,0
2647,1
2648,1
2649,0
2650,1
2651,0
2652,0
2653,0
2654,1
2655,0
2656,0
2657,1
2658,0
2659,0
2660,0
2661,0
2662,1
2663,1
2664,1
2665,0
2666,1
2667,1
2668,1
2669,1
2670,1
2671,1
2672,0
2673,1
2674,0
2675,0
2676,0
2677,0
2678,0
2679,0
2680,0
2681,1
2682,0
2683,0
2684,1
2685,1
2686,1
2687,0
2688,1
2689,1
2690,0
2691,1
2692,1
2693,0
2694,0
2695,0
2696,1
2697,0
2698,1
2699,0
2700,0
2701,1
2702,1
2703,1
2704,1
2705,0
2706,0
2707,1
2708,1
2709,1
2710,1
2711,0
2712,1
2713,1
2714,1
2715,0
2716,1
2717,1
2718,1
2719,0
2720,1
2721,0
2722,0
2723,1
2724,0
2725,0
2726,0
2727,0
2728,0
2729,0
2730,1
2731,0
2732,1
2733,0
2734,1
2735,0
2736,0
2737,1
2738,1
2739,1
2740,1
2741,1
2742,0
2743,1
2744,0
2745,1
2746,1
2747,1
2748,0
2749,0
2750,1
2751,1
2752,1
2753,1
2754,1
2755,0
2756,1
2757,1
2758,1
2759,1
2760,0
2761,1
2762,0
2763,0
2764,1
2765,0
2766,1
2767,0
2768,0
2769,1
2770,0
2771,1
2772,1
2773,1
2774,1
2775,1
2776,1
2777,0
2778,0
2779,0
2780,1
2781,0
2782,1
2783,1
2784,0
2785,0
2786,1
2787,0
2788,1
2789,0
2790,1
2791,1
2792,1
2793,0
2794,0
2795,0
2796,1
2797,0
2798,1
2799,0
2800,0
2801,1
2802,1
2803,0
2804,0
2805,0
2806,0
2807,0
2808,0
2809,1
2810,0
2811,1
2812,0
2813,1
2814,1
2815,0
2816,0
2817,0
2818,1
2819,0
2820,0
2821,1
2822,0
2823,0
2824,0
2825,0
2826,1
2827,0
2828,1
2829,1
2830,1
2831,0
2832,0
2833,1
2834,1
2835,0
2836,0
2837,0
2838,1
2839,1
2840,1
2841,1
2842,1
2843,1
2844,0
2845,0
2846,0
2847,0
2848,1
2849,1
2850,1
2851,0
2852,0
2853,0
2854,0
2855,1
2856,0
2857,0
2858,1
2859,1
2860,1
2861,1
2862,1
2863,1
2864,0
2865,1
2866,1
2867,1
2868,0
2869,1
2870,0
2871,0
2872,1
2873,1
2874,1
2875,0
2876,0
2877,0
2878,0
2879,0
2880,1
2881,0
2882,1
2883,0
2884,1
2885,1
2886,1
2887,0
2888,1
2889,0
2890,1
2891,1
2892,0
2893,1
2894,0
2895,1
2896,1
2897,1
2898,1
2899,1
2900,0
2901,1
2902,0
2903,1
2904,1
2905,1
2906,1
2907,0
2908,1
2909,1
2910,1
2911,0
2912,0
2913,1
2914,0
2915,1
2916,0
2917,0
2918,1
2919,0
2920,1
2921,0
2922,1
2923,1
2924,0
2925,1
2926,0
2927,0
2928,0
2929,1
2930,0
2931,1
2932,0
2933,1
2934,0
2935,1
2936,1
2937,0
2938,0
2939,0
2940,1
2941,1
2942,1
2943,0
2944,1
2945,0
2946,1
2947,0
2948,1
2949,1
2950,1
2951,0
2952,0
2953,0
2954,1
2955,0
2956,1
2957,0
2958,0
2959,1
2960,1
2961,0
2962,1
2963,0
2964,0
2965,0
2966,0
2967,0
2968,1
2969,0
2970,1
2971,1
2972,1
2973,0
2974,0
2975,1
2976,1
2977,1
2978,0
2979,0
2980,0
2981,1
2982,1
2983,0
2984,1
2985,1
2986,1
2987,1
2988,0
2989,1
2990,0
2991,1
2992,1
2993,0
2994,1
2995,0
2996,1
2997,1
2998,1
2999,1
3000,1
3001,0
3002,0
3003,1
3004,1
3005,0
3006,0
3007,0
3008,0
3009,0
3010,1
3011,1
3012,1
3013,0
3014,1
3015,0
3016,0
3017,1
3018,0
3019,1
3020,1
3021,1
3022,1
3023,0
3024,0
3025,0
3026,1
3027,1
3028,1
3029,1
3030,0
3031,1
3032,1
3033,1
3034,0
3035,0
3036,1
3037,0
3038,1
3039,1
3040,0
3041,0
3042,0
3043,1
3044,1
3045,1
3046,0
3047,1
3048,0
3049,1
3050,1
3051,0
3052,1
3053,1
3054,1
3055,0
3056,1
3057,1
3058,0
3059,0
3060,1
3061,0
3062,0
3063,0
3064,1
3065,0
3066,1
3067,1
3068,0
3069,1
3070,1
3071,0
3072,0
3073,1
3074,1
3075,0
3076,1
3077,0
3078,0
3079,1
3080,1
3081,0
3082,1
3083,1
3084,1
3085,1
3086,0
3087,1
3088,1
3089,0
3090,0
3091,0
3092,0
3093,1
3094,1
3095,0
3096,1
3097,1
3098,0
3099,0
3100,0
3101,1
3102,0
3103,0
3104,1
3105,0
3106,1
3107,0
3108,1
3109,0
3110,0
3111,1
3112,0
3113,1
3114,1
3115,1
3116,0
3117,1
3118,1
3119,1
3120,0
3121,1
3122,1
3123,0
3124,0
3125,0
3126,0
3127,0
3128,0
3129,1
3130,1
3131,0
3132,1
3133,1
3134,0
3135,0
3136,0
3137,0
3138,1
3139,1
3140,0
3141,0
3142,0
3143,0
3144,1
3145,0
3146,1
3147,1
3148,1
3149,1
3150,0
3151,1
3152,1
3153,0
3154,1
3155,0
3156,0
3157,1
3158,0
3159,0
3160,0
3161,1
3162,0
3163,1
3164,0
3165,1
3166,0
3167,0
3168,1
3169,0
3170,1
3171,1
3172,1
3173,0
3174,0
3175,1
3176,0
3177,1
3178,0
3179,0
3180,1
3181,1
3182,0
3183,1
3184,1
3185,0
3186,1
3187,1
3188,0
3189,1
3190,0
3191,1
3192,0
3193,1
3194,0
3195,1
3196,0
3197,0
3198,1
3199,1
3200,0
3201,1
3202,0
3203,1
3204,1
3205,0
3206,1
3207,1
3208,1
3209,0
3210,1
3211,1
3212,1
3213,0
3214,0
3215,1
3216,0
3217,1
3218,1
3219,1
3220,1
3221,1
3222,1
3223,0
3224,0
3225,1
3226,1
3227,0
3228,1
3229,0
3230,0
3231,1
3232,1
3233,1
3234,0
3235,0
3236,0
3237,1
3238,1
3239,0
3240,1
3241,1
3242,1
3243,1
3244,1
3245,0
3246,0
3247,1
3248,0
3249,1
3250,1
3251,0
3252,0
3253,0
3254,1
3255,0
3256,0
3257,0
3258,0
3259,0
3260,0
3261,1
3262,1
3263,1
3264,1
3265,0
3266,0
3267,1
3268,1
3269,1
3270,1
3271,1
3272,0
3273,1
3274,0
3275,1
3276,1
3277,0
3278,1
3279,1
3280,0
3281,0
3282,1
3283,1
3284,0
3285,1
3286,1
3287,1
3288,0
3289,0
3290,1
3291,0
3292,0
3293,0
3294,1
3295,1
3296,0
3297,1
3298,0
3299,1
3300,0
3301,0
3302,0
3303,1
3304,0
3305,1
3306,1
3307,0
3308,1
3309,1
3310,0
3311,1
3312,0
3313,1
3314,1
3315,0
3316,1
3317,0
3318,1
3319,0
3320,0
3321,1
3322,0
3323,1
3324,1
3325,1
3326,1
3327,0
3328,1
3329,1
3330,1
3331,1
3332,1
3333,0
3334,1
3335,1
3336,1
3337,1
3338,1
3339,1
3340,0
3341,1
3342,0
3343,0
3344,1
3345,0
3346,0
3347,1
3348,1
3349,0
3350,1
3351,0
3352,0
3353,1
3354,0
3355,1
3356,1
3357,0
3358,1
3359,0
3360,1
3361,0
3362,0
3363,1
3364,1
3365,0
3366,1
3367,0
3368,1
3369,0
3370,1
3371,0
3372,1
3373,0
3374,0
3375,1
3376,1
3377,0
3378,0
3379,1
3380,1
3381,0
3382,0
3383,1
3384,1
3385,0
3386,1
3387,1
3388,1
3389,0
3390,1
3391,1
3392,0
3393,0
3394,1
3395,0
3396,1
3397,1
3398,1
3399,0
3400,0
3401,0
3402,0
3403,0
3404,0
3405,1
3406,0
3407,1
3408,1
3409,1
3410,0
3411,1
3412,1
3413,0
3414,1
3415,0
3416,1
3417,0
3418,1
3419,0
3420,1
3421,0
3422,0
3423,0
3424,1
3425,1
3426,0
3427,1
3428,1
3429,0
3430,1
3431,0
3432,1
3433,1
3434,0
3435,0
3436,1
3437,0
3438,1
3439,1
3440,0
3441,1
3442,1
3443,1
3444,0
3445,1
3446,0
3447,1
3448,0
3449,1
3450,0
3451,1
3452,0
3453,1
3454,1
3455,1
3456,0
3457,0
3458,0
3459,1
3460,0
3461,0
3462,0
3463,0
3464,1
3465,1
3466,0
3467,0
3468,1
3469,0
3470,1
3471,1
3472,0
3473,0
3474,1
3475,0
3476,1
3477,1
3478,1
3479,0
3480,0
3481,1
3482,0
3483,0
3484,1
3485,1
3486,0
3487,1
3488,0
3489,1
3490,0
3491,1
3492,0
3493,0
3494,1
3495,1
3496,1
3497,1
3498,0
3499,1
3500,1
3501,1
3502,0
3503,0
3504,0
3505,1
3506,1
3507,1
3508,0
3509,0
3510,1
3511,0
3512,0
3513,1
3514,0
3515,1
3516,1
3517,1
3518,0
3519,1
3520,0
3521,1
3522,0
3523,0
3524,0
3525,1
3526,1
3527,0
3528,0
3529,1
3530,0
3531,1
3532,1
3533,1
3534,1
3535,1
3536,0
3537,0
3538,0
3539,1
3540,0
3541,1
3542,1
3543,0
3544,0
3545,0
3546,1
3547,0
3548,0
3549,0
3550,0
3551,0
3552,0
3553,1
3554,1
3555,1
3556,1
3557,1
3558,1
3559,1
3560,0
3561,0
3562,0
3563,1
3564,0
3565,1
3566,0
3567,0
3568,1
3569,1
3570,0
3571,0
3572,0
3573,0
3574,1
3575,1
3576,0
3577,1
3578,0
3579,0
3580,1
3581,0
3582,0
3583,0
3584,0
3585,1
3586,0
3587,1
3588,0
3589,1
3590,0
3591,0
3592,1
3593,0
3594,1
3595,0
3596,0
3597,1
3598,1
3599,1
3600,0
3601,0
3602,1
3603,0
3604,1
3605,0
3606,1
3607,1
3608,1
3609,1
3610,0
3611,1
3612,0
3613,1
3614,1
3615,1
3616,1
3617,1
3618,0
3619,1
3620,1
3621,1
3622,1
3623,0
3624,1
3625,1
3626,0
3627,0
3628,0
3629,0
3630,1
3631,0
3632,1
3633,0
3634,1
3635,0
3636,0
3637,1
3638,1
3639,0
3640,1
3641,0
3642,1
3643,1
3644,1
3645,1
3646,0
3647,1
3648,1
3649,0
3650,0
3651,0
3652,0
3653,1
3654,1
3655,0
3656,1
3657,1
3658,1
3659,0
3660,1
3661,1
3662,0
3663,0
3664,0
3665,0
3666,1
3667,0
3668,1
3669,0
3670,1
3671,0
3672,0
3673,1
3674,0
3675,0
3676,0
3677,1
3678,0
3679,1
3680,1
3681,1
3682,1
3683,1
3684,0
3685,1
3686,0
3687,0
3688,0
3689,0
3690,1
3691,0
3692,1
3693,0
3694,0
3695,1
3696,0
3697,1
3698,0
3699,1
3700,1
3701,0
3702,0
3703,1
3704,1
3705,1
3706,0
3707,0
3708,1
3709,0
3710,1
3711,0
3712,0
3713,0
3714,1
3715,1
3716,1
3717,0
3718,0
3719,1
3720,0
3721,1
3722,0
3723,0
3724,1
3725,1
3726,0
3727,0
3728,1
3729,0
3730,0
3731,1
3732,1
3733,0
3734,0
3735,1
3736,0
3737,1
3738,1
3739,1
3740,1
3741,1
3742,0
3743,1
3744,1
3745,1
3746,1
3747,0
3748,1
3749,1
3750,1
3751,0
3752,1
3753,0
3754,1
3755,0
3756,1
3757,1
3758,1
3759,0
3760,0
3761,1
3762,1
3763,0
3764,0
3765,0
3766,0
3767,0
3768,0
3769,0
3770,0
3771,1
3772,0
3773,0
3774,1
3775,1
3776,0
3777,1
3778,1
3779,0
3780,1
3781,1
3782,1
3783,1
3784,1
3785,1
3786,0
3787,1
3788,0
3789,0
3790,0
3791,0
3792,0
3793,1
3794,1
3795,1
3796,0
3797,1
3798,1
3799,1
3800,1
3801,0
3802,0
3803,1
3804,0
3805,0
3806,0
3807,1
3808,1
3809,1
3810,0
3811,0
3812,0
3813,0
3814,0
3815,1
3816,0
3817,1
3818,0
3819,1
3820,0
3821,0
3822,0
3823,0
3824,1
3825,0
3826,0
3827,0
3828,0
3829,0
3830,1
3831,0
3832,1
3833,1
3834,1
3835,0
3836,0
3837,0
3838,1
3839,1
3840,0
3841,0
3842,1
3843,1
3844,0
3845,0
3846,1
3847,0
3848,1
3849,1
3850,1
3851,0
3852,0
3853,0
3854,1
3855,1
3856,1
3857,0
3858,1
3859,1
3860,1
3861,1
3862,0
3863,1
3864,0
3865,0
3866,1
3867,0
3868,0
3869,0
3870,1
3871,1
3872,1
3873,1
3874,0
3875,0
3876,0
3877,1
3878,0
3879,0
3880,0
3881,0
3882,1
3883,0
3884,0
3885,1
3886,0
3887,0
3888,0
3889,0
3890,0
3891,1
3892,0
3893,1
3894,1
3895,0
3896,1
3897,0
3898,0
3899,0
3900,1
3901,1
3902,1
3903,0
3904,0
3905,0
3906,1
3907,1
3908,0
3909,1
3910,1
3911,0
3912,1
3913,1
3914,0
3915,0
3916,0
3917,1
3918,1
3919,1
3920,1
3921,1
3922,0
3923,0
3924,0
3925,0
3926,0
3927,0
3928,1
3929,0
3930,1
3931,1
3932,1
3933,0
3934,0
3935,0
3936,1
3937,1
3938,0
3939,0
3940,0
3941,1
3942,1
3943,1
3944,0
3945,1
3946,0
3947,0
3948,1
3949,0
3950,0
3951,1
3952,1
3953,1
3954,1
3955,0
3956,0
3957,0
3958,1
3959,1
3960,1
3961,1
3962,0
3963,0
3964,1
3965,0
3966,1
3967,1
3968,1
3969,0
3970,1
3971,0
3972,1
3973,0
3974,1
3975,1
3976,1
3977,1
3978,1
3979,0
3980,1
3981,0
3982,1
3983,1
3984,1
3985,1
3986,1
3987,0
3988,1
3989,0
3990,1
3991,1
3992,1
3993,1
3994,1
3995,1
3996,1
3997,1
3998,1
3999,1
4000,1
4001,1
4002,0
4003,0
4004,0
4005,0
4006,0
4007,0
4008,1
4009,0
4010,0
4011,0
4012,1
4013,0
4014,0
4015,1
4016,1
4017,1
4018,0
4019,0
4020,0
4021,1
4022,1
4023,1
4024,1
4025,1
4026,1
4027,1
4028,0
4029,0
4030,1
4031,1
4032,1
4033,1
4034,1
4035,1
4036,1
4037,0
4038,1
4039,1
4040,1
4041,1
4042,0
4043,1
4044,1
4045,0
4046,0
4047,1
4048,1
4049,1
4050,0
4051,0
4052,0
4053,1
4054,0
4055,1
4056,1
4057,0
4058,0
4059,1
4060,0
4061,1
4062,1
4063,1
4064,1
4065,0
4066,1
4067,1
4068,1
4069,0
4070,0
4071,1
4072,0
4073,1
4074,0
4075,0
4076,0
4077,1
4078,0
4079,1
4080,0
4081,1
4082,1
4083,0
4084,0
4085,1
4086,1
4087,1
4088,0
4089,1
4090,1
4091,1
4092,0
4093,1
4094,0
4095,0
4096,0
4097,0
4098,0
4099,0
4100,0
4101,1
4102,0
4103,1
4104,1
4105,1
4106,0
4107,0
4108,1
4109,1
4110,0
4111,1
4112,0
4113,1
4114,0
4115,0
4116,1
4117,1
4118,1
4119,1
4120,0
4121,1
4122,0
4123,0
4124,0
4125,0
4126,0
4127,1
4128,1
4129,0
4130,1
4131,0
4132,1
4133,0
4134,0
4135,1
4136,1
4137,0
4138,0
4139,0
4140,1
4141,0
4142,1
4143,0
4144,1
4145,0
4146,0
4147,1
4148,1
4149,0
4150,1
4151,1
4152,1
4153,1
4154,1
4155,0
4156,0
4157,0
4158,1
4159,0
4160,1
4161,1
4162,0
4163,0
4164,0
4165,1
4166,1
4167,1
4168,0
4169,0
4170,1
4171,0
4172,1
4173,0
4174,0
4175,0
4176,1
4177,1
4178,1
4179,0
4180,0
4181,0
4182,0
4183,0
4184,0
4185,1
4186,1
4187,1
4188,0
4189,1
4190,1
4191,0
4192,0
4193,1
4194,1
4195,0
4196,1
4197,1
4198,1
4199,0
4200,1
4201,1
4202,0
4203,0
4204,0
4205,0
4206,1
4207,1
4208,0
4209,0
4210,0
4211,1
4212,0
4213,0
4214,1
4215,1
4216,0
4217,0
4218,1
4219,0
4220,0
4221,0
4222,1
4223,1
4224,0
4225,0
4226,0
4227,0
4228,0
4229,1
4230,0
4231,0
4232,0
4233,0
4234,0
4235,1
4236,1
4237,1
4238,1
4239,1
4240,0
4241,1
4242,0
4243,1
4244,0
4245,0
4246,0
4247,1
4248,1
4249,0
4250,0
4251,1
4252,1
4253,0
4254,1
4255,1
4256,1
4257,0
4258,0
4259,1
4260,0
4261,0
4262,0
4263,1
4264,1
4265,1
4266,1
4267,1
4268,0
4269,1
4270,0
4271,1
4272,0
4273,1
4274,0
4275,0
4276,0
4277,1
4278,1
4279,1
4280,1
4281,1
4282,0
4283,0
4284,1
4285,0
4286,1
4287,0
4288,0
4289,0
4290,1
4291,1
4292,1
4293,1
4294,1
4295,1
4296,0
4297,1
4298,0
4299,0
4300,0
4301,0
4302,0
4303,1
4304,1
4305,1
4306,0
4307,1
4308,0
4309,0
4310,0
4311,1
4312,0
4313,1
4314,0
4315,0
4316,0
4317,0
4318,1
4319,1
4320,1
4321,0
4322,1
4323,0
4324,0
4325,1
4326,0
4327,1
4328,1
4329,0
4330,0
4331,0
4332,1
4333,1
4334,0
4335,0
4336,1
4337,0
4338,0
4339,0
4340,1
4341,1
4342,0
4343,1
4344,0
4345,1
4346,0
4347,0
4348,1
4349,0
4350,0
4351,1
4352,1
4353,0
4354,1
4355,1
4356,0
4357,1
4358,0
4359,0
4360,0
4361,1
4362,0
4363,0
4364,1
4365,0
4366,1
4367,0
4368,1
4369,0
4370,1
4371,0
4372,1
4373,0
4374,1
4375,0
4376,0
4377,0
4378,0
4379,0
4380,1
4381,1
4382,1
4383,1
4384,0
4385,0
4386,1
4387,1
4388,1
4389,1
4390,0
4391,1
4392,1
4393,1
4394,0
4395,0
4396,0
4397,0
4398,1
4399,1
4400,1
4401,0
4402,1
4403,1
4404,1
4405,1
4406,1
4407,1
4408,0
4409,0
4410,1
4411,1
4412,0
4413,0
4414,0
4415,0
4416,0
4417,1
4418,1
4419,1
4420,0
4421,0
4422,1
4423,0
4424,1
4425,0
4426,1
4427,0
4428,0
4429,0
4430,0
4431,1
4432,0
4433,1
4434,0
4435,0
4436,1
4437,1
4438,0
4439,1
4440,0
4441,1
4442,1
4443,0
4444,1
4445,0
4446,0
4447,0
4448,0
4449,0
4450,0
4451,0
4452,0
4453,0
4454,0
4455,1
4456,1
4457,1
4458,0
4459,0
4460,0
4461,0
4462,0
4463,0
4464,1
4465,0
4466,1
4467,1
4468,1
4469,1
4470,0
4471,1
4472,0
4473,1
4474,0
4475,1
4476,0
4477,1
4478,1
4479,0
4480,1
4481,0
4482,0
4483,0
4484,0
4485,1
4486,1
4487,0
4488,0
4489,0
4490,0
4491,0
4492,1
4493,0
4494,1
4495,1
4496,0
4497,0
4498,1
4499,0
4500,0
4501,1
4502,0
4503,1
4504,1
4505,0
4506,1
4507,0
4508,0
4509,1
4510,0
4511,0
4512,0
4513,1
4514,1
4515,1
4516,0
4517,1
4518,1
4519,0
4520,0
4521,0
4522,1
4523,0
4524,0
4525,1
4526,0
4527,0
4528,1
4529,0
4530,0
4531,0
4532,1
4533,0
4534,1
4535,0
4536,1
4537,1
4538,1
4539,0
4540,1
4541,1
4542,0
4543,1
4544,0
4545,1
4546,1
4547,1
4548,0
4549,1
4550,0
4551,1
4552,0
4553,1
4554,1
4555,0
4556,0
4557,1
4558,0
4559,0
4560,0
4561,1
4562,0
4563,0
4564,0
4565,0
4566,0
4567,0
4568,0
4569,0
4570,0
4571,0
4572,0
4573,0
4574,1
4575,0
4576,0
4577,1
4578,1
4579,1
4580,1
4581,0
4582,0
4583,0
4584,0
4585,0
4586,0
4587,1
4588,0
4589,1
4590,0
4591,0
4592,1
4593,1
4594,1
4595,0
4596,0
4597,0
4598,1
4599,0
4600,1
4601,1
4602,0
4603,0
4604,0
4605,1
4606,1
4607,1
4608,1
4609,0
4610,1
4611,1
4612,0
4613,1
4614,0
4615,0
4616,1
4617,0
4618,1
4619,1
4620,0
4621,0
4622,0
4623,1
4624,1
4625,0
4626,0
4627,1
4628,0
4629,0
4630,1
4631,0
4632,1
4633,0
4634,1
4635,0
4636,1
4637,1
4638,0
4639,1
4640,1
4641,1
4642,1
4643,0
4644,0
4645,0
4646,0
4647,1
4648,1
4649,1
4650,0
4651,0
4652,0
4653,0
4654,1
4655,1
4656,1
4657,0
4658,0
4659,0
4660,1
4661,1
4662,0
4663,1
4664,1
4665,0
4666,0
4667,1
4668,1
4669,1
4670,1
4671,1
4672,1
4673,1
4674,1
4675,0
4676,0
4677,0
4678,1
4679,1
4680,1
4681,1
4682,0
4683,1
4684,0
4685,1
4686,0
4687,1
4688,1
4689,0
4690,1
4691,0
4692,1
4693,0
4694,1
4695,1
4696,1
4697,0
4698,1
4699,1
4700,0
4701,1
4702,0
4703,1
4704,1
4705,1
4706,0
4707,0
4708,1
4709,1
4710,0
4711,1
4712,0
4713,1
4714,1
4715,0
4716,1
4717,1
4718,0
4719,1
4720,1
4721,1
4722,1
4723,1
4724,0
4725,1
4726,1
4727,1
4728,1
4729,0
4730,1
4731,1
4732,1
4733,0
4734,0
4735,0
4736,0
4737,0
4738,0
4739,1
4740,0
4741,1
4742,0
4743,1
4744,0
4745,0
4746,0
4747,1
4748,0
4749,0
4750,1
4751,0
4752,0
4753,0
4754,0
4755,0
4756,1
4757,1
4758,0
4759,0
4760,0
4761,0
4762,1
4763,0
4764,1
4765,0
4766,1
4767,1
4768,1
4769,0
4770,0
4771,0
4772,0
4773,1
4774,0
4775,1
4776,0
4777,0
4778,0
4779,0
4780,1
4781,0
4782,0
4783,0
4784,0
4785,1
4786,1
4787,1
4788,0
4789,0
4790,0
4791,1
4792,0
4793,1
4794,0
4795,0
4796,1
4797,1
4798,1
4799,0
4800,1
4801,1
4802,1
4803,1
4804,1
4805,0
4806,1
4807,1
4808,1
4809,1
4810,0
4811,0
4812,1
4813,1
4814,1
4815,1
4816,1
4817,0
4818,0
4819,1
4820,1
4821,1
4822,0
4823,1
4824,0
4825,1
4826,1
4827,0
4828,1
4829,0
4830,0
4831,0
4832,0
4833,0
4834,1
4835,1
4836,0
4837,1
4838,0
4839,0
4840,0
4841,0
4842,1
4843,0
4844,0
4845,0
4846,0
4847,1
4848,0
4849,0
4850,1
4851,1
4852,1
4853,0
4854,0
4855,0
4856,0
4857,0
4858,0
4859,0
4860,1
4861,0
4862,1
4863,0
4864,0
4865,1
4866,0
4867,0
4868,1
4869,0
4870,1
4871,0
4872,1
4873,0
4874,0
4875,1
4876,1
4877,0
4878,1
4879,1
4880,0
4881,1
4882,0
4883,1
4884,0
4885,1
4886,0
4887,0
4888,1
4889,1
4890,1
4891,1
4892,0
4893,0
4894,1
4895,0
4896,0
4897,1
4898,1
4899,0
4900,1
4901,1
4902,1
4903,1
4904,1
4905,1
4906,0
4907,1
4908,0
4909,1
4910,1
4911,1
4912,0
4913,1
4914,0
4915,1
4916,0
4917,0
4918,1
4919,0
4920,0
4921,1
4922,0
4923,0
4924,1
4925,1
4926,0
4927,0
4928,0
4929,1
4930,0
4931,0
4932,0
4933,0
4934,1
4935,1
4936,0
4937,0
4938,1
4939,0
4940,1
4941,0
4942,0
4943,1
4944,1
4945,1
4946,1
4947,0
4948,0
4949,1
4950,1
4951,0
4952,1
4953,1
4954,1
4955,1
4956,0
4957,1
4958,1
4959,1
4960,1
4961,0
4962,1
4963,1
4964,1
4965,1
4966,0
4967,0
4968,1
4969,0
4970,0
4971,1
4972,1
4973,1
4974,1
4975,1
4976,1
4977,1
4978,1
4979,1
4980,0
4981,0
4982,1
4983,0
4984,0
4985,1
4986,1
4987,0
4988,0
4989,1
4990,0
4991,1
4992,1
4993,1
4994,0
4995,1
4996,1
4997,0
4998,0
4999,1
5000,1
5001,1
5002,1
5003,0
5004,1
5005,0
5006,1
5007,1
5008,0
5009,1
5010,0
5011,0
5012,0
5013,1
5014,1
5015,0
5016,1
5017,1
5018,0
5019,1
5020,1
5021,0
5022,0
5023,1
5024,1
5025,0
5026,1
5027,1
5028,1
5029,0
5030,0
5031,0
5032,1
5033,0
5034,1
5035,1
5036,0
5037,0
5038,0
5039,1
5040,0
5041,1
5042,0
5043,0
5044,0
5045,1
5046,0
5047,0
5048,1
5049,0
5050,0
5051,1
5052,0
5053,1
5054,1
5055,0
5056,0
5057,1
5058,1
5059,1
5060,1
5061,0
5062,0
5063,0
5064,0
5065,1
5066,1
5067,0
5068,0
5069,0
5070,1
5071,0
5072,0
5073,0
5074,0
5075,1
5076,1
5077,1
5078,1
5079,0
5080,0
5081,0
5082,0
5083,1
5084,1
5085,0
5086,1
5087,1
5088,1
5089,0
5090,0
5091,0
5092,1
5093,0
5094,0
5095,0
5096,0
5097,1
5098,1
5099,1
5100,0
5101,0
5102,0
5103,0
5104,1
5105,0
5106,1
5107,1
5108,1
5109,1
5110,0
5111,0
5112,0
5113,1
5114,1
5115,0
5116,1
5117,0
5118,0
5119,0
5120,1
5121,0
5122,0
5123,0
5124,0
5125,0
5126,0
5127,0
5128,1
5129,0
5130,1
5131,0
5132,1
5133,1
5134,0
5135,1
5136,0
5137,1
5138,0
5139,0
5140,0
5141,0
5142,1
5143,1
5144,0
5145,1
5146,0
5147,0
5148,1
5149,1
5150,1
5151,0
5152,0
5153,1
5154,1
5155,1
5156,1
5157,0
5158,1
5159,1
5160,0
5161,0
5162,1
5163,1
5164,1
5165,0
5166,0
5167,0
5168,0
5169,1
5170,0
5171,1
5172,0
5173,1
5174,1
5175,0
5176,1
5177,1
5178,0
5179,1
5180,1
5181,0
5182,0
5183,0
5184,0
5185,0
5186,1
5187,0
5188,0
5189,0
5190,0
5191,1
5192,0
5193,0
5194,0
5195,0
5196,0
5197,0
5198,1
5199,1
5200,1
5201,0
5202,0
5203,0
5204,1
5205,1
5206,1
5207,0
5208,1
5209,1
5210,1
5211,0
5212,1
5213,1
5214,0
5215,1
5216,0
5217,1
5218,0
5219,1
5220,0
5221,1
5222,0
5223,1
5224,0
5225,1
5226,1
5227,0
5228,0
5229,1
5230,0
5231,0
5232,0
5233,1
5234,0
5235,1
5236,0
5237,1
5238,0
5239,0
5240,1
5241,1
5242,1
5243,1
5244,0
5245,0
5246,0
5247,0
5248,1
5249,1
5250,1
5251,1
5252,0
5253,1
5254,0
5255,0
5256,0
5257,0
5258,0
5259,0
5260,0
5261,0
5262,0
5263,0
5264,0
5265,0
5266,1
5267,0
5268,1
5269,0
5270,1
5271,1
5272,1
5273,1
5274,0
5275,1
5276,0
5277,0
5278,0
5279,1
5280,1
5281,1
5282,0
5283,1
5284,1
5285,0
5286,0
5287,0
5288,1
5289,0
5290,0
5291,1
5292,0
5293,1
5294,1
5295,1
5296,0
5297,1
5298,0
5299,0
5300,1
5301,0
5302,1
5303,0
5304,0
5305,0
5306,1
5307,0
5308,1
5309,1
5310,0
5311,0
5312,0
5313,0
5314,0
5315,0
5316,0
5317,0
5318,0
5319,0
5320,1
5321,0
5322,1
5323,0
5324,1
5325,0
5326,1
5327,1
5328,1
5329,1
5330,1
5331,1
5332,1
5333,0
5334,1
5335,0
5336,0
5337,1
5338,0
5339,0
5340,1
5341,0
5342,1
5343,0
5344,0
5345,0
5346,1
5347,0
5348,0
5349,0
5350,0
5351,1
5352,1
5353,1
5354,1
5355,1
5356,0
5357,0
5358,1
5359,0
5360,1
5361,1
5362,0
5363,1
5364,1
5365,0
5366,1
5367,1
5368,1
5369,1
5370,0
5371,0
5372,0
5373,1
5374,1
5375,1
5376,0
5377,1
5378,0
5379,0
5380,0
5381,1
5382,1
5383,1
5384,0
5385,0
5386,1
5387,1
5388,0
5389,1
5390,0
5391,0
5392,1
5393,0
5394,0
5395,0
5396,0
5397,0
5398,1
5399,0
5400,0
5401,1
5402,1
5403,1
5404,1
5405,1
5406,1
5407,0
5408,0
5409,0
5410,1
5411,0
5412,0
5413,1
5414,1
5415,1
5416,0
5417,1
5418,0
5419,1
5420,1
5421,1
5422,0
5423,0
5424,0
5425,0
5426,1
5427,1
5428,0
5429,0
5430,0
5431,1
5432,1
5433,1
5434,1
5435,1
5436,1
5437,1
5438,1
5439,0
5440,0
5441,0
5442,1
5443,1
5444,1
5445,0
5446,0
5447,0
5448,0
5449,1
5450,0
5451,0
5452,1
5453,1
5454,0
5455,1
5456,1
5457,0
5458,0
5459,0
5460,0
5461,0
5462,0
5463,0
5464,1
5465,0
5466,1
5467,1
5468,1
5469,1
5470,0
5471,1
5472,1
5473,1
5474,0
5475,0
5476,0
5477,0
5478,1
5479,0
5480,1
5481,0
5482,1
5483,0
5484,0
5485,1
5486,1
5487,0
5488,1
5489,0
5490,0
5491,0
5492,1
5493,0
5494,0
5495,0
5496,0